PLZ;Ortschaftsname
9999;Bielersee
9999;Brienzersee
9999;Thunersee
9658;Wildhaus
9657;Unterwasser
9656;Alt St. Johann
9655;Stein SG
9652;Neu St. Johann
9651;Ennetbühl
9650;Nesslau
9643;Krummenau
9642;Ebnat-Kappel
9633;Bächli (Hemberg)
9633;Hemberg
9631;Ulisbach
9630;Wattwil
9622;Krinau
9621;Oberhelfenschwil
9620;Lichtensteig
9615;Dietfurt
9614;Libingen
9613;Mühlrüti
9612;Dreien
9608;Ganterschwil
9607;Mosnang
9606;Bütschwil
9604;Lütisburg
9604;Oberrindal
9604;Unterrindal
9602;Bazenheid
9602;Müselbach
9601;Lütisburg Station
9573;Littenheid
9565;Bussnang
9565;Oberbussnang
9565;Oppikon
9565;Rothenhausen
9565;Schmidshof
9562;Buch b. Märwil
9562;Märwil
9556;Affeltrangen
9556;Zezikon
9555;Tobel
9554;Tägerschen
9553;Bettwiesen
9552;Bronschhofen
9548;Matzingen
9547;Wittenwil
9546;Tuttwil
9545;Wängi
9543;St. Margarethen TG
9542;Münchwilen TG
9536;Schwarzenbach SG
9535;Wilen b. Wil
9534;Gähwil
9533;Dietschwil
9533;Kirchberg SG
9532;Rickenbach b. Wil
9527;Niederhelfenschwil
9526;Zuckenriet
9525;Lenggenwil
9524;Zuzwil SG
9523;Züberwangen
9517;Mettlen
9515;Hosenruck
9514;Wuppenau
9512;Rossrüti
9508;Weingarten-Kalthäusern
9507;Stettfurt
9506;Lommis
9504;Friltschen
9503;Lanterswil
9503;Stehrenberg
9502;Braunau
9500;Wil SG
9498;Planken
9497;Triesenberg
9496;Balzers
9495;Triesen
9494;Schaan
9493;Mauren FL
9492;Eschen
9491;Ruggell
9490;Vaduz
9488;Schellenberg
9487;Gamprin-Bendern
9486;Schaanwald
9485;Nendeln
9479;Gretschins
9479;Malans SG
9479;Oberschan
9478;Azmoos
9477;Trübbach
9476;Fontnas
9476;Weite
9475;Sevelen
9473;Gams
9472;Grabs
9472;Grabserberg
9470;Buchs SG
9470;Werdenberg
9469;Haag (Rheintal)
9468;Sax
9467;Frümsen
9466;Sennwald
9465;Salez
9464;Lienz
9464;Rüthi (Rheintal)
9463;Oberriet SG
9462;Montlingen
9453;Eichberg
9452;Hinterforst
9451;Kriessern
9450;Altstätten SG
9450;Lüchingen
9445;Rebstein
9444;Diepoldsau
9443;Widnau
9442;Berneck
9442;Büriswilen
9437;Marbach SG
9436;Balgach
9435;Heerbrugg
9434;Au SG
9430;St. Margrethen SG
9428;Walzenhausen
9427;Wolfhalden
9426;Lutzenberg
9425;Thal
9424;Rheineck
9423;Altenrhein
9422;Staad SG
9414;Schachen b. Reute
9413;Oberegg
9411;Reute AR
9410;Heiden
9405;Wienacht-Tobel
9404;Rorschacherberg
9403;Goldach
9402;Mörschwil
9400;Rorschach
9327;Tübach
9326;Horn
9325;Roggwil TG
9323;Steinach
9322;Egnach
9320;Arbon
9320;Frasnacht
9320;Stachen
9315;Neukirch (Egnach)
9315;Winden
9314;Steinebrunn
9313;Muolen
9312;Häggenschwil
9308;Lömmenschwil
9306;Freidorf TG
9305;Berg SG
9304;Bernhardzell
9300;Wittenbach
9249;Algetshausen
9249;Niederstetten
9249;Oberstetten
9248;Bichwil
9247;Henau
9246;Niederbüren
9245;Oberbüren
9245;Sonnental
9244;Niederuzwil
9243;Jonschwil
9242;Oberuzwil
9240;Niederglatt SG
9240;Uzwil
9231;Egg (Flawil)
9230;Flawil
9225;St. Pelagiberg
9225;Wilen (Gottshaus)
9223;Halden
9223;Schweizersholz
9220;Bischofszell
9217;Neukirch an der Thur
9216;Heldswil
9216;Hohentannen
9215;Buhwil
9215;Schönenberg an der Thur
9214;Kradolf
9213;Hauptwil
9212;Arnegg
9205;Waldkirch
9204;Andwil SG
9203;Niederwil SG
9200;Gossau SG
9127;St. Peterzell
9126;Necker
9125;Brunnadern
9123;Nassen
9122;Ebersol
9122;Mogelsberg
9116;Wolfertswil
9115;Dicken
9114;Hoffeld
9113;Degersheim
9112;Schachen b. Herisau
9108;Gonten
9108;Gontenbad
9108;Jakobsbad
9107;Urnäsch
9105;Schönengrund
9104;Waldstatt
9103;Schwellbrunn
9100;Herisau
9064;Hundwil
9063;Stein AR
9062;Lustmühle
9058;Brülisau
9057;Schwende
9057;Wasserauen
9057;Weissbad
9056;Gais
9055;Bühler
9054;Haslen AI
9053;Teufen AR
9052;Niederteufen
9050;Appenzell
9050;Appenzell Eggerstanden
9050;Appenzell Enggenhütten
9050;Appenzell Meistersrüte
9050;Appenzell Schlatt
9050;Appenzell Steinegg
9044;Wald AR
9043;Trogen
9042;Speicher
9038;Rehetobel
9037;Speicherschwendi
9036;Grub SG
9035;Grub AR
9034;Eggersriet
9033;Untereggen
9032;Engelburg
9030;Abtwil SG
9030;St. Josefen
9016;St. Gallen
9015;St. Gallen
9014;St. Gallen
9012;St. Gallen
9011;St. Gallen
9010;St. Gallen
9008;St. Gallen
9000;St. Gallen
8967;Widen
8966;Oberwil-Lieli
8965;Berikon
8964;Rudolfstetten
8962;Bergdietikon
8957;Spreitenbach
8956;Killwangen
8955;Oetwil an der Limmat
8954;Geroldswil
8953;Dietikon
8952;Schlieren
8951;Fahrweid
8942;Oberrieden
8934;Knonau
8933;Maschwanden
8932;Mettmenstetten
8926;Hauptikon
8926;Kappel am Albis
8926;Uerzlikon
8925;Ebertswil
8919;Rottenschwil
8918;Unterlunkhofen
8917;Oberlunkhofen
8916;Jonen
8915;Hausen am Albis
8914;Aeugst am Albis
8914;Aeugstertal
8913;Ottenbach
8912;Obfelden
8911;Rifferswil
8910;Affoltern am Albis
8909;Zwillikon
8908;Hedingen
8907;Wettswil
8906;Bonstetten
8905;Arni AG
8905;Islisberg
8904;Aesch ZH
8903;Birmensdorf ZH
8902;Urdorf
8898;Flumserberg Tannenbodenalp
8897;Flumserberg Tannenheim
8896;Flumserberg Bergheim
8895;Flumserberg Portels
8894;Flumserberg Saxli
8893;Flums Hochwiese
8892;Berschis
8890;Flums
8889;Plons
8888;Heiligkreuz (Mels)
8887;Mels
8886;Mädris-Vermol
8885;Mols
8884;Oberterzen
8883;Quarten
8882;Unterterzen
8881;Knoblisbühl
8881;Tscherlach
8881;Walenstadtberg
8880;Walenstadt
8878;Quinten
8877;Murg
8874;Mühlehorn
8873;Amden
8872;Weesen
8868;Oberurnen
8867;Niederurnen
8866;Ziegelbrücke
8865;Bilten
8864;Reichenburg
8863;Buttikon SZ
8862;Schübelbach
8858;Innerthal
8857;Vorderthal
8856;Tuggen
8855;Wangen SZ
8854;Galgenen
8854;Siebnen
8853;Lachen SZ
8852;Altendorf
8849;Alpthal
8847;Egg SZ
8846;Willerzell
8845;Studen SZ
8844;Euthal
8843;Oberiberg
8842;Unteriberg
8841;Gross
8840;Einsiedeln
8840;Trachslau
8836;Bennau
8835;Feusisberg
8834;Schindellegi
8833;Samstagern
8832;Wilen b. Wollerau
8832;Wollerau
8825;Hütten
8824;Schönenberg ZH
8820;Wädenswil
8816;Hirzel
8815;Horgenberg
8810;Horgen
8808;Pfäffikon SZ
8807;Freienbach
8806;Bäch SZ
8805;Richterswil
8804;Au ZH
8803;Rüschlikon
8802;Kilchberg ZH
8800;Thalwil
8784;Braunwald
8783;Linthal
8782;Rüti GL
8777;Betschwanden
8777;Diesbach GL
8775;Hätzingen
8775;Luchsingen
8774;Leuggelbach
8773;Haslen GL
8772;Nidfurn
8767;Elm
8766;Matt
8765;Engi
8762;Schwanden GL
8762;Schwändi b. Schwanden
8762;Sool
8758;Obstalden
8757;Filzbach
8756;Mitlödi
8755;Ennenda
8754;Netstal
8753;Mollis
8752;Näfels
8751;Urnerboden
8750;Glarus
8750;Klöntal
8750;Riedern
8739;Rieden SG
8738;Uetliburg SG
8737;Gommiswald
8735;Rüeterswil
8735;St. Gallenkappel
8734;Ermenswil
8733;Eschenbach SG
8732;Neuhaus SG
8730;Uznach
8727;Walde SG
8726;Ricken SG
8725;Ernetschwil
8725;Gebertingen
8723;Maseltrangen
8723;Rufi
8722;Kaltbrunn
8718;Schänis
8717;Benken SG
8716;Schmerikon
8715;Bollingen
8714;Feldbach
8713;Uerikon
8712;Stäfa
8708;Männedorf
8707;Uetikon am See
8706;Meilen
8704;Herrliberg
8703;Erlenbach ZH
8702;Zollikon
8700;Küsnacht ZH
8646;Wagen
8645;Jona
8640;Hurden
8640;Rapperswil SG
8638;Goldingen
8637;Laupen ZH
8636;Wald ZH
8635;Dürnten
8634;Hombrechtikon
8633;Wolfhausen
8632;Tann
8630;Rüti ZH
8627;Grüningen
8626;Ottikon (Gossau ZH)
8625;Gossau ZH
8624;Grüt (Gossau ZH)
8623;Wetzikon ZH
8620;Wetzikon ZH
8618;Oetwil am See
8617;Mönchaltorf
8616;Riedikon
8615;Freudwil
8615;Wermatswil
8614;Bertschikon (Gossau ZH)
8614;Sulzbach
8610;Uster
8608;Bubikon
8607;Aathal-Seegräben
8606;Greifensee
8606;Nänikon
8605;Gutenswil
8604;Volketswil
8603;Schwerzenbach
8602;Wangen b. Dübendorf
8600;Dübendorf
8599;Salmsach
8598;Bottighofen
8597;Landschlacht
8596;Münsterlingen
8596;Scherzingen
8595;Altnau
8594;Güttingen
8593;Kesswil
8592;Uttwil
8590;Romanshorn
8589;Sitterdorf
8588;Zihlschlacht
8587;Oberaach
8586;Andwil TG
8586;Buch b. Kümmertshausen
8586;Buchackern
8586;Engishofen
8586;Ennetaach
8586;Erlen
8586;Kümmertshausen
8586;Riedt b. Erlen
8585;Birwinken
8585;Happerswil
8585;Herrenhof
8585;Klarsreuti
8585;Langrickenbach
8585;Mattwil
8585;Schönenbaumgarten
8585;Zuben
8584;Leimbach TG
8584;Opfershofen TG
8583;Donzhausen
8583;Götighofen
8583;Sulgen
8582;Dozwil
8581;Schocherswil
8580;Amriswil
8580;Biessenhofen
8580;Hagenwil b. Amriswil
8580;Hefenhofen
8580;Sommeri
8577;Schönholzerswilen
8576;Mauren TG
8575;Bürglen TG
8575;Istighofen
8574;Dettighofen (Lengwil)
8574;Illighausen
8574;Lengwil
8574;Oberhofen TG
8573;Alterswilen
8573;Altishausen
8573;Siegershausen
8572;Andhausen
8572;Berg TG
8572;Graltshausen
8572;Guntershausen b. Berg
8570;Weinfelden
8566;Dotnacht
8566;Ellighausen
8566;Lippoldswilen
8566;Neuwilen
8565;Hugelshofen
8564;Engwilen
8564;Gunterswilen
8564;Hattenhausen
8564;Hefenhausen
8564;Lipperswil
8564;Sonterswil
8564;Wagerswil
8564;Wäldi
8561;Ottoberg
8560;Märstetten
8558;Raperswilen
8556;Engwang
8556;Illhart
8556;Lamperswil TG
8556;Wigoltingen
8555;Müllheim Dorf
8554;Bonau
8554;Müllheim-Wigoltingen
8553;Eschikofen
8553;Harenwilen
8553;Hüttlingen
8553;Mettendorf TG
8552;Felben-Wellhausen
8548;Ellikon an der Thur
8547;Gachnang
8546;Islikon
8546;Kefikon TG
8546;Menzengrüt
8545;Rickenbach Sulz
8545;Rickenbach ZH
8544;Attikon
8543;Bertschikon
8543;Gundetswil
8543;Kefikon ZH
8542;Wiesendangen
8537;Nussbaumen TG
8537;Uerschhausen
8536;Hüttwilen
8535;Herdern
8532;Warth
8532;Weiningen TG
8526;Oberneunforn
8525;Niederneunforn
8525;Wilen b. Neunforn
8524;Buch b. Frauenfeld
8524;Uesslingen
8523;Hagenbuch ZH
8522;Aawangen
8522;Häuslenen
8514;Amlikon-Bissegg
8512;Lustdorf
8512;Thundorf
8512;Wetzikon TG
8508;Homburg
8507;Hörhausen
8506;Lanzenneunforn
8505;Dettighofen
8505;Pfyn
8500;Frauenfeld
8500;Gerlikon
8499;Sternenberg
8498;Gibswil
8497;Fischenthal
8496;Steg im Tösstal
8495;Schmidrüti
8494;Bauma
8493;Saland
8492;Wila
8489;Wildberg
8488;Turbenthal
8487;Rämismühle
8487;Zell ZH
8486;Rikon im Tösstal
8484;Neschwil
8484;Theilingen
8484;Weisslingen
8483;Kollbrunn
8482;Sennhof (Winterthur)
8479;Altikon
8478;Thalheim an der Thur
8477;Oberstammheim
8476;Unterstammheim
8475;Ossingen
8474;Dinhard
8472;Seuzach
8471;Berg (Dägerlen)
8471;Bänk (Dägerlen)
8471;Dägerlen
8471;Oberwil (Dägerlen)
8471;Rutschwil (Dägerlen)
8468;Guntalingen
8468;Waltalingen
8467;Truttikon
8466;Trüllikon
8465;Rudolfingen
8465;Wildensbuch
8464;Ellikon am Rhein
8463;Benken ZH
8462;Rheinau
8461;Oerlingen
8460;Marthalen
8459;Volken
8458;Dorf
8457;Humlikon
8454;Buchberg
8453;Alten
8452;Adlikon b. Andelfingen
8451;Kleinandelfingen
8450;Andelfingen
8447;Dachsen
8444;Henggart
8442;Hettlingen
8428;Teufen ZH
8427;Freienstein
8427;Rorbas
8426;Lufingen
8425;Oberembrach
8424;Embrach
8422;Pfungen
8421;Dättlikon
8418;Schlatt b. Winterthur
8416;Flaach
8415;Berg am Irchel
8415;Gräslikon
8414;Buch am Irchel
8413;Neftenbach
8412;Aesch (Neftenbach)
8412;Hünikon (Neftenbach)
8412;Riet (Neftenbach)
8409;Winterthur
8408;Winterthur
8406;Winterthur
8405;Winterthur
8404;Reutlingen (Winterthur)
8404;Stadel (Winterthur)
8404;Winterthur
8400;Winterthur
8376;Au TG
8376;Fischingen
8374;Dussnang
8374;Oberwangen TG
8372;Wiezikon b. Sirnach
8371;Busswil TG
8370;Sirnach
8363;Bichelsee
8362;Balterswil
8360;Eschlikon TG
8360;Wallenwil
8357;Guntershausen b. Aadorf
8356;Ettenhausen TG
8355;Aadorf
8354;Hofstetten ZH
8353;Elgg
8352;Elsau
8352;Ricketwil (Winterthur)
8345;Adetswil
8344;Bäretswil
8342;Wernetshausen
8340;Hinwil
8335;Hittnau
8332;Rumlikon
8332;Russikon
8331;Auslikon
8330;Pfäffikon ZH
8322;Gündisau
8322;Madetswil
8320;Fehraltorf
8317;Tagelswangen
8315;Lindau
8314;Kyburg
8312;Winterberg ZH
8311;Brütten
8310;Grafstal
8310;Kemptthal
8309;Nürensdorf
8308;Agasul
8308;Illnau
8307;Effretikon
8307;Ottikon b. Kemptthal
8306;Brüttisellen
8305;Dietlikon
8304;Wallisellen
8303;Bassersdorf
8302;Kloten
8280;Kreuzlingen
8274;Gottlieben
8274;Tägerwilen
8273;Triboltingen
8272;Ermatingen
8269;Fruthwilen
8268;Mannenbach-Salenstein
8268;Salenstein
8267;Berlingen
8266;Steckborn
8265;Mammern
8264;Eschenz
8263;Buch SH
8262;Ramsen
8261;Hemishofen
8260;Stein am Rhein
8259;Etzwilen
8259;Kaltenbach
8259;Rheinklingen
8259;Wagenhausen
8255;Schlattingen
8254;Basadingen
8253;Diessenhofen
8253;Willisdorf
8252;Schlatt TG
8248;Uhwiesen
8247;Flurlingen
8246;Langwiesen
8245;Feuerthalen
8243;Altdorf SH
8242;Bibern SH
8242;Hofen SH
8241;Barzheim
8240;Thayngen
8239;Dörflingen
8236;Büttenhardt
8236;Opfertshofen SH
8235;Lohn SH
8234;Stetten SH
8233;Bargen SH
8232;Merishausen
8231;Hemmental
8228;Beggingen
8226;Schleitheim
8225;Siblingen
8224;Löhningen
8223;Guntmadingen
8222;Beringen
8219;Trasadingen
8218;Osterfingen
8217;Wilchingen
8216;Oberhallau
8215;Hallau
8214;Gächlingen
8213;Neunkirch
8212;Neuhausen am Rheinfall
8212;Nohl
8208;Schaffhausen
8207;Schaffhausen
8203;Schaffhausen
8200;Schaffhausen
8197;Rafz
8196;Wil ZH
8195;Wasterkingen
8194;Hüntwangen
8193;Eglisau
8192;Glattfelden
8192;Zweidlen
8187;Weiach
8185;Winkel
8184;Bachenbülach
8182;Hochfelden
8181;Höri
8180;Bülach
8175;Windlach
8174;Stadel b. Niederglatt
8173;Neerach
8172;Niederglatt ZH
8166;Niederweningen
8165;Oberweningen
8165;Schleinikon
8165;Schöfflisdorf
8164;Bachs
8162;Steinmaur
8162;Sünikon
8158;Regensberg
8157;Dielsdorf
8156;Oberhasli
8155;Nassenwil
8155;Niederhasli
8154;Oberglatt ZH
8153;Rümlang
8152;Glattbrugg
8152;Glattpark (Opfikon)
8152;Opfikon
8143;Stallikon
8143;Uetliberg
8142;Uitikon Waldegg
8136;Gattikon
8135;Langnau am Albis
8135;Sihlbrugg Station
8135;Sihlwald
8134;Adliswil
8133;Esslingen
8132;Egg b. Zürich
8132;Hinteregg
8127;Forch
8126;Zumikon
8125;Zollikerberg
8124;Maur
8123;Ebmatingen
8122;Binz
8121;Benglen
8118;Pfaffhausen
8117;Fällanden
8115;Hüttikon
8114;Dänikon ZH
8113;Boppelsen
8112;Otelfingen
8109;Kloster Fahr
8108;Dällikon
8107;Buchs ZH
8106;Adlikon b. Regensdorf
8105;Regensdorf
8105;Watt
8104;Weiningen ZH
8103;Unterengstringen
8102;Oberengstringen
8064;Zürich
8057;Zürich
8055;Zürich
8053;Zürich
8052;Zürich
8051;Zürich
8050;Zürich
8049;Zürich
8048;Zürich
8047;Zürich
8046;Zürich
8045;Zürich
8044;Gockhausen
8044;Zürich
8041;Zürich
8038;Zürich
8037;Zürich
8032;Zürich
8008;Zürich
8006;Zürich
8005;Zürich
8004;Zürich
8003;Zürich
8002;Zürich
8001;Zürich
7748;Campascio
7747;Viano
7746;Le Prese
7745;Li Curt
7744;Campocologno
7743;Brusio
7743;Miralago
7742;La Rösa
7742;Poschiavo
7742;Sfazù
7741;S. Carlo (Poschiavo)
7710;Alp Grüm
7710;Ospizio Bernina
7610;Soglio
7608;Castasegna
7606;Promontogno
7605;Stampa
7604;Borgonovo
7603;Vicosoprano
7602;Casaccia
7563;Samnaun Dorf
7562;Samnaun-Compatsch
7560;Martina
7559;Tschlin
7558;Strada
7557;Vnà
7556;Ramosch
7554;Crusch
7554;Sent
7553;Tarasp
7552;Vulpera
7551;Ftan
7550;Scuol
7546;Ardez
7545;Guarda
7543;Lavin
7542;Susch
7537;Müstair
7536;Sta. Maria Val Müstair
7535;Valchava
7534;Lü
7533;Fuldera
7532;Tschierv
7530;Zernez
7527;Brail
7526;Cinuos-chel
7525;S-chanf
7524;Zuoz
7523;Madulain
7522;La Punt-Chamues-ch
7517;Plaun da Lej
7516;Maloja
7515;Sils/Segl Baselgia
7514;Fex
7514;Sils/Segl Maria
7513;Silvaplana
7513;Silvaplana-Surlej
7512;Champfèr
7505;Celerina/Schlarigna
7504;Pontresina
7503;Samedan
7502;Bever
7500;St. Moritz
7494;Davos Wiesen
7493;Schmitten (Albula)
7492;Alvaneu Dorf
7484;Latsch
7482;Bergün/Bravuogn
7482;Preda
7482;Stugl/Stuls
7477;Filisur
7473;Alvaneu Bad
7472;Surava
7464;Parsonz
7463;Riom
7462;Salouf
7460;Savognin
7459;Stierva
7458;Mon
7457;Bivio
7456;Marmorera
7456;Sur
7455;Mulegns
7454;Rona
7453;Tinizong
7452;Cunter
7451;Alvaschein
7450;Tiefencastel
7448;Juf
7447;Am Bach (Avers)
7447;Cresta (Avers)
7446;Campsut-Cröt
7445;Innerferrera
7444;Ausserferrera
7443;Pignia
7442;Clugin
7440;Andeer
7438;Hinterrhein
7437;Nufenen
7436;Medels im Rheinwald
7435;Splügen
7434;Sufers
7433;Donat
7433;Farden
7433;Lohn GR
7433;Mathon
7433;Wergenstein
7432;Zillis
7431;Mutten
7431;Obermutten
7430;Rongellen
7430;Thusis
7428;Glaspass
7428;Tschappina
7427;Urmein
7426;Flerden
7425;Masein
7424;Dalin
7424;Präz
7423;Portein
7423;Sarn
7422;Tartar
7421;Summaprada
7419;Scheid
7418;Tumegl/Tomils
7417;Paspels
7416;Almens
7415;Pratval
7415;Rodels
7414;Fürstenau
7413;Fürstenaubruck
7412;Scharans
7411;Sils im Domleschg
7408;Cazis
7408;Realta
7407;Trans
7405;Rothenbrunnen
7404;Feldis/Veulden
7403;Rhäzüns
7402;Bonaduz
7326;Weisstannen
7325;Schwendi im Weisstannental
7324;Vilters
7323;Wangs
7320;Sargans
7317;Valens
7317;Vasön
7315;Vättis
7314;Vadura
7313;St. Margrethenberg
7312;Pfäfers
7310;Bad Ragaz
7307;Jenins
7306;Fläsch
7304;Maienfeld
7303;Mastrils
7302;Landquart
7278;Davos Monstein
7277;Davos Glaris
7276;Davos Frauenkirch
7272;Davos Clavadel
7270;Davos Platz
7265;Davos Wolfgang
7260;Davos Dorf
7252;Klosters Dorf
7250;Klosters
7249;Serneus
7247;Saas im Prättigau
7246;St. Antönien
7245;Ascharina
7244;Gadenstätt
7243;Pany
7242;Luzein
7241;Conters im Prättigau
7240;Küblis
7235;Fideris
7233;Jenaz
7232;Furna
7231;Pragg-Jenaz
7228;Pusserein
7228;Schuders
7226;Fajauna
7226;Stels
7224;Putz
7223;Buchen im Prättigau
7222;Lunden
7220;Schiers
7215;Fanas
7214;Grüsch
7213;Valzeina
7212;Seewis Dorf
7212;Seewis-Pardisla
7212;Seewis-Schmitten
7208;Malans GR
7206;Igis
7205;Zizers
7204;Untervaz
7203;Trimmis
7202;Says
7201;Untervaz Bahnhof
7189;Rueras
7188;Sedrun
7187;Camischolas
7186;Segnas
7185;Platta
7184;Curaglia
7183;Mumpé Medel
7182;Cavardiras
7180;Disentis/Mustér
7176;Cumpadials
7175;Sumvitg
7174;S. Benedetg
7173;Surrein
7172;Rabius
7168;Schlans
7167;Zignau
7166;Trun
7165;Breil/Brigels
7164;Dardin
7163;Danis
7162;Tavanasa
7159;Andiast
7158;Waltensburg/Vuorz
7157;Siat
7156;Pigniu
7156;Rueun
7155;Ladir
7154;Ruschein
7153;Falera
7152;Sagogn
7151;Schluein
7149;Vrin
7148;Lumbrein
7148;Surin
7147;Vignogn
7146;Vattiz
7145;Degen
7144;Vella
7143;Morissen
7142;Cumbel
7141;Luven
7138;Surcuolm
7137;Flond
7134;Obersaxen
7132;Vals
7130;Ilanz
7130;Schnaus
7128;Riein
7127;Sevgein
7126;Castrisch
7122;Carrera
7122;Valendas
7116;St. Martin (Lugnez)
7116;Tersnaus
7115;Surcasti
7114;Uors (Lumnezia)
7113;Camuns
7112;Duvin
7111;Pitasch
7110;Peiden
7109;Thalkirch
7107;Safien Platz
7106;Tenna
7104;Arezen
7104;Versam
7084;Brienz/Brinzauls GR
7083;Lantsch/Lenz
7082;Vaz/Obervaz
7078;Lenzerheide/Lai
7077;Valbella
7076;Parpan
7075;Churwalden
7074;Malix
7064;Tschiertschen
7063;Praden
7062;Passugg
7058;Litzirüti
7057;Langwies
7056;Molinis
7050;Arosa
7032;Laax GR 2
7031;Laax GR
7029;Peist
7028;Pagig
7028;St. Peter
7027;Calfreisen
7027;Castiel
7027;Lüen
7026;Maladers
7023;Haldenstein
7019;Fidaz
7018;Flims Waldhaus
7017;Flims Dorf
7016;Trin Mulin
7015;Tamins
7014;Trin
7013;Domat/Ems
7012;Felsberg
7000;Chur
6999;Astano
6998;Termine
6997;Sessa
6996;Ponte Cremenaga
6995;Madonna del Piano
6995;Molinazzo di Monteggio
6994;Aranno
6993;Iseo
6992;Cimo
6992;Vernate
6991;Neggio
6990;Cassina d'Agno
6989;Purasca
6988;Ponte Tresa
6987;Caslano
6986;Curio
6986;Miglieglia
6986;Novaggio
6984;Pura
6983;Magliaso
6982;Agno
6981;Banco
6981;Bedigliora
6981;Biogno-Beride
6981;Bombinasco
6980;Castelrotto
6979;Brè sopra Lugano
6978;Gandria
6977;Ruvigliana
6976;Castagnola
6974;Aldesago
6968;Sonvico
6967;Dino
6966;Villa Luganese
6965;Cadro
6964;Davesco-Soragno
6963;Cureggia
6963;Pregassona
6962;Viganello
6959;Certara
6959;Cimadera
6959;Curtina
6959;Maglio di Colla
6959;Piandera Paese
6958;Bidogno
6958;Corticiasca
6957;Roveredo TI
6956;Lopagno
6955;Cagiallo
6955;Oggio
6954;Bigorio
6954;Sala Capriasca
6953;Lugaggia
6952;Canobbio
6951;Bogno
6951;Colla
6951;Cozzo
6951;Insone
6951;Odogno
6951;Scareglia
6951;Signôra
6950;Tesserete
6949;Comano
6948;Porza
6947;Vaglio
6946;Ponte Capriasca
6945;Origlio
6944;Cureglia
6943;Vezia
6942;Savosa
6939;Arosio
6939;Mugena
6938;Fescoggia
6938;Vezio
6937;Breno
6936;Cademario
6935;Bosco Luganese
6934;Bioggio
6933;Muzzano
6932;Breganzona
6930;Bedano
6929;Gravesano
6928;Manno
6927;Agra
6926;Montagnola
6925;Gentilino
6924;Sorengo
6922;Morcote
6921;Vico Morcote
6919;Carabietta
6918;Figino
6917;Barbengo
6916;Grancia
6915;Pambio-Noranco
6914;Carona
6913;Carabbia
6912;Pazzallo
6900;Lugano
6900;Massagno
6900;Paradiso
6883;Novazzano
6877;Coldrerio
6875;Campora
6875;Casima
6875;Monte
6874;Castel San Pietro
6873;Corteglia
6872;Salorino
6872;Somazzo
6867;Serpiano
6866;Meride
6865;Tremona
6864;Arzo
6863;Besazio
6862;Rancate
6855;Stabio
6854;S. Pietro
6853;Ligornetto
6852;Genestrerio
6850;Mendrisio
6839;Sagno
6838;Cabbio
6838;Muggio
6838;Scudellate
6837;Bruzella
6837;Caneggio
6835;Morbio Superiore
6834;Morbio Inferiore
6833;Vacallo
6832;Pedrinate
6832;Seseglio
6830;Chiasso
6828;Balerna
6827;Brusino Arsizio
6826;Riva San Vitale
6825;Capolago
6823;Pugerna
6822;Arogno
6821;Rovio
6818;Melano
6817;Maroggia
6816;Bissone
6815;Melide
6814;Cadempino
6814;Lamone
6810;Isone
6809;Medeglia
6808;Torricella
6807;Taverne
6806;Sigirino
6805;Mezzovico
6804;Bironico
6803;Camignolo
6802;Rivera
6781;Bedretto
6781;Villa Bedretto
6780;Airolo
6780;Madrano
6777;Quinto
6777;Varenzo
6776;Piotta
6775;Ambrì
6774;Dalpe
6773;Prato (Leventina)
6772;Rodi-Fiesso
6764;Chiggiogna
6763;Mairengo
6763;Osco
6760;Calpiogna
6760;Campello
6760;Carì
6760;Faido
6760;Molare
6760;Rossura
6749;Cavagnago
6749;Sobrio
6748;Anzonico
6747;Chironico
6746;Calonico
6746;Lavorgo
6746;Nivo
6745;Giornico
6744;Personico
6743;Bodio TI
6742;Pollegio
6724;Largario
6724;Ponto Valentino
6723;Castro
6723;Marolta
6723;Prugiasco
6722;Corzoneso
6721;Ludiano
6721;Motto (Blenio)
6720;Campo (Blenio)
6720;Ghirone
6719;Aquila
6718;Camperio
6718;Olivone
6717;Dangio
6717;Torre
6716;Acquarossa
6716;Leontica
6716;Lottigna
6715;Dongio
6714;Semione
6713;Malvaglia
6710;Biasca
6707;Iragna
6705;Cresciano
6703;Osogna
6702;Claro
6696;Fusio
6695;Peccia
6695;Piano di Peccia
6694;Prato-Sornico
6693;Broglio
6692;Brontallo
6692;Menzonio
6690;Cavergno
6690;S. Carlo (Val Bavona)
6685;Bosco/Gurin
6684;Campo (Vallemaggia)
6684;Cimalmotto
6683;Cerentino
6683;Niva (Vallemaggia)
6682;Linescio
6678;Coglio
6678;Giumaglio
6678;Lodano
6677;Aurigeno
6677;Moghegno
6676;Bignasco
6675;Cevio
6674;Riveo
6674;Someo
6673;Maggia
6672;Gordevio
6670;Avegno
6664;Vergeletto
6663;Comologno
6663;Spruga
6662;Russo
6661;Auressio
6661;Berzona
6661;Loco
6659;Camedo
6659;Moneto
6658;Borgnone
6657;Palagnedra
6656;Golino
6655;Intragna
6655;Rasa
6655;Verdasio
6654;Cavigliano
6653;Verscio
6652;Tegna
6648;Minusio
6647;Mergoscia
6646;Contra
6645;Brione sopra Minusio
6644;Orselina
6637;Sonogno
6636;Frasco
6635;Gerra (Verzasca)
6634;Brione (Verzasca)
6633;Lavertezzo
6632;Vogorno
6631;Corippo
6622;Ronco sopra Ascona
6618;Arcegno
6616;Losone
6614;Brissago
6614;Isole di Brissago
6613;Porto Ronco
6612;Ascona
6611;Crana
6611;Gresso
6611;Mosogno
6605;Locarno
6600;Locarno
6600;Muralto
6600;Solduno
6599;Robasacco
6598;Tenero
6597;Agarone
6596;Gordola
6595;Riazzino
6594;Contone
6593;Cadenazzo
6592;S. Antonino
6584;Carena
6583;S. Antonio (Val Morobbia)
6582;Pianezzo
6579;Piazzogna
6578;Caviano
6577;Ranzo
6576;Gerra (Gambarogno)
6575;S. Nazzaro
6575;Vairano
6574;Vira (Gambarogno)
6573;Magadino
6572;Quartino
6571;Indemini
6565;S. Bernardino
6563;Mesocco
6562;Soazza
6558;Lostallo
6557;Cama
6556;Leggia
6549;Laura
6548;Rossa
6547;Augio
6546;Cauco
6545;Selma
6544;Braggio
6543;Arvigo
6542;Buseno
6541;Sta. Maria in Calanca
6540;Castaneda
6538;Verdabbio
6537;Grono
6535;Roveredo GR
6534;S. Vittore
6533;Lumino
6532;Castione
6528;Camorino
6527;Lodrino
6526;Prosito
6525;Gnosca
6524;Moleno
6523;Preonzo
6518;Gorduno
6517;Arbedo
6516;Cugnasco
6515;Gudo
6514;Sementina
6513;Monte Carasso
6512;Giubiasco
6503;Bellinzona
6500;Bellinzona
6493;Hospental
6491;Realp
6490;Andermatt
6487;Göschenen
6485;Meien
6484;Wassen UR
6482;Gurtnellen
6476;Intschi
6475;Bristen
6474;Amsteg
6473;Silenen
6472;Erstfeld
6469;Haldi b. Schattdorf
6468;Attinghausen
6467;Schattdorf
6466;Bauen
6465;Unterschächen
6464;Spiringen
6463;Bürglen UR
6462;Seedorf UR
6461;Isenthal
6460;Altdorf UR
6454;Flüelen
6452;Riemenstalden
6452;Sisikon
6443;Morschach
6442;Gersau
6441;Rütli
6440;Brunnen
6438;Ibach
6436;Bisisthal
6436;Muotathal
6436;Ried (Muotathal)
6434;Illgau
6433;Stoos SZ
6432;Rickenbach b. Schwyz
6430;Schwyz
6424;Lauerz
6423;Seewen SZ
6422;Steinen
6418;Rothenthurm
6417;Sattel
6416;Steinerberg
6415;Arth
6414;Oberarth
6410;Goldau
6410;Rigi Klösterli
6410;Rigi Kulm
6410;Rigi Scheidegg
6410;Rigi Staffel
6405;Immensee
6404;Greppen
6403;Küssnacht am Rigi
6402;Merlischachen
6390;Engelberg
6388;Grafenort
6387;Oberrickenbach
6386;Wolfenschiessen
6383;Dallenwil
6383;Niederrickenbach
6383;Wiesenberg
6383;Wirzweli
6382;Büren NW
6377;Seelisberg
6376;Emmetten
6375;Beckenried
6374;Buochs
6373;Ennetbürgen
6372;Ennetmoos
6370;Oberdorf NW
6370;Stans
6365;Kehrsiten
6363;Bürgenstock
6363;Fürigen
6363;Obbürgen
6362;Stansstad
6356;Rigi Kaltbad
6354;Vitznau
6353;Weggis
6345;Neuheim
6344;Meierskappel
6343;Buonas
6343;Holzhäusern ZG
6343;Risch
6343;Rotkreuz
6340;Baar
6340;Sihlbrugg
6333;Hünenberg See
6332;Hagendorn
6331;Hünenberg
6330;Cham
6319;Allenwinden
6318;Walchwil
6317;Oberwil b. Zug
6315;Alosen
6315;Morgarten
6315;Oberägeri
6314;Neuägeri
6314;Unterägeri
6313;Edlibach
6313;Finstersee
6313;Menzingen
6312;Steinhausen
6300;Zug
6300;Zugerberg
6295;Mosen
6294;Ermensee
6289;Hämikon
6289;Müswangen
6288;Schongau
6287;Aesch LU
6286;Altwis
6285;Hitzkirch
6285;Retschwil
6284;Gelfingen
6284;Sulz LU
6283;Baldegg
6280;Hochdorf
6280;Urswil
6277;Kleinwangen
6277;Lieli LU
6276;Hohenrain
6275;Ballwil
6274;Eschenbach LU
6265;Roggliswil
6264;Pfaffnau
6263;Richenthal
6262;Langnau b. Reiden
6260;Hintermoos
6260;Mehlsecken
6260;Reiden
6260;Reidermoos
6253;Uffikon
6252;Dagmersellen
6248;Alberswil
6247;Schötz
6246;Altishofen
6245;Ebersecken
6244;Nebikon
6243;Egolzwil
6242;Wauwil
6236;Wilihof
6235;Winikon
6234;Kulmerau
6234;Triengen
6233;Büron
6232;Geuensee
6231;Schlierbach
6222;Gunzwil
6221;Rickenbach LU
6218;Ettiswil
6217;Kottwil
6216;Mauensee
6215;Beromünster
6215;Schwarzenbach LU
6214;Schenkon
6213;Knutwil
6212;Kaltbach
6212;St. Erhard
6211;Buchs LU
6210;Sursee
6208;Oberkirch LU
6207;Nottwil
6206;Neuenkirch
6205;Eich
6204;Sempach
6203;Sempach Station
6197;Schangnau
6196;Marbach LU
6192;Wiggen
6182;Escholzmatt
6174;Sörenberg
6173;Flühli LU
6170;Schüpfheim
6167;Bramboden
6166;Hasle LU
6163;Ebnet
6162;Entlebuch
6162;Finsterwald b. Entlebuch
6162;Rengg
6156;Luthern
6156;Luthern Bad
6154;Hofstatt
6153;Ufhusen
6152;Hüswil
6147;Altbüron
6146;Grossdietwil
6145;Fischbach LU
6144;Zell LU
6143;Ohmstal
6142;Gettnau
6133;Hergiswil b. Willisau
6132;Rohrmatt
6130;Willisau
6126;Daiwil
6125;Menzberg
6123;Geiss
6122;Menznau
6114;Steinhuserberg
6113;Romoos
6112;Doppleschwand
6110;Fontannen b. Wolhusen
6110;Wolhusen
6106;Werthenstein
6105;Schachen LU
6103;Schwarzenberg LU
6102;Malters
6086;Hasliberg Reuti
6085;Hasliberg Goldern
6084;Hasliberg Wasserwendi
6083;Hasliberg Hohfluh
6078;Bürglen OW
6078;Lungern
6074;Giswil
6073;Flüeli-Ranft
6072;Sachseln
6068;Melchsee-Frutt
6067;Melchtal
6066;St. Niklausen OW
6064;Kerns
6063;Stalden (Sarnen)
6062;Wilen (Sarnen)
6060;Ramersberg
6060;Sarnen
6056;Kägiswil
6055;Alpnach Dorf
6053;Alpnachstad
6052;Hergiswil NW
6048;Horw
6047;Kastanienbaum
6045;Meggen
6044;Udligenswil
6043;Adligenswil
6042;Dietwil
6039;Root D4
6038;Gisikon
6038;Honau
6037;Root
6036;Dierikon
6035;Perlen
6034;Inwil
6033;Buchrain
6032;Emmen
6030;Ebikon
6028;Herlisberg
6027;Römerswil LU
6026;Rain
6025;Neudorf
6024;Hildisrieden
6023;Rothenburg
6022;Grosswangen
6020;Emmenbrücke
6019;Sigigen
6018;Buttisholz
6017;Ruswil
6016;Hellbühl
6015;Luzern
6014;Luzern
6013;Eigenthal
6012;Obernau
6010;Kriens
6006;Luzern
6005;Luzern
6005;St. Niklausen LU
6004;Luzern
6003;Luzern
5746;Walterswil SO
5745;Safenwil
5742;Kölliken
5737;Menziken
5736;Burg AG
5735;Pfeffikon LU
5734;Reinach AG
5733;Leimbach AG
5732;Zetzwil
5728;Gontenschwil
5727;Oberkulm
5726;Unterkulm
5725;Leutwil
5724;Dürrenäsch
5723;Teufenthal AG
5722;Gränichen
5712;Beinwil am See
5708;Birrwil
5707;Seengen
5706;Boniswil
5705;Hallwil
5704;Egliswil
5703;Seon
5702;Niederlenz
5647;Oberrüti
5646;Abtwil AG
5645;Aettenschwil
5645;Fenkrieden
5644;Auw
5643;Alikon
5643;Meienberg
5643;Sins
5642;Mühlau
5637;Beinwil (Freiamt)
5637;Geltwil
5636;Benzenschwil
5634;Merenschwand
5632;Buttwil
5630;Muri AG
5628;Aristau
5627;Besenbüren
5626;Hermetschwil-Staffeln
5625;Kallern
5624;Bünzen
5624;Waldhäusern AG
5623;Boswil
5622;Waltenschwil
5621;Zufikon
5620;Bremgarten AG
5619;Büttikon AG
5619;Uezwil
5618;Bettwil
5617;Tennwil
5616;Meisterschwanden
5615;Fahrwangen
5614;Sarmenstorf
5613;Hilfikon
5612;Villmergen
5611;Anglikon
5610;Wohlen AG
5608;Stetten AG
5607;Hägglingen
5606;Dintikon
5605;Dottikon
5604;Hendschiken
5603;Staufen
5600;Ammerswil AG
5600;Lenzburg
5525;Fischbach-Göslikon
5524;Nesselnbach
5524;Niederwil AG
5522;Tägerig
5512;Wohlenschwil
5507;Mellingen
5506;Mägenwil
5505;Brunegg
5504;Othmarsingen
5503;Schafisheim
5502;Hunzenschwil
5467;Fisibach
5466;Kaiserstuhl AG
5465;Mellikon
5464;Rümikon AG
5463;Wislikofen
5462;Siglistorf
5454;Bellikon
5453;Remetschwil
5452;Oberrohrdorf
5445;Eggenwil
5444;Künten
5443;Niederrohrdorf
5442;Fislisbach
5436;Würenlos
5432;Neuenhof
5430;Wettingen
5426;Lengnau AG
5425;Schneisingen
5423;Freienwil
5420;Ehrendingen
5417;Untersiggenthal
5416;Kirchdorf AG
5415;Hertenstein AG
5415;Nussbaumen AG
5415;Rieden AG
5413;Birmenstorf AG
5412;Gebenstorf
5412;Vogelsang AG
5408;Ennetbaden
5406;Rütihof
5405;Dättwil AG
5404;Baden
5400;Baden
5334;Böbikon
5333;Baldingen
5332;Rekingen AG
5330;Bad Zurzach
5326;Schwaderloch
5325;Leibstadt
5324;Full-Reuenthal
5323;Rietheim
5322;Koblenz
5318;Mandach
5317;Hettenschwil
5316;Leuggern
5315;Böttstein
5314;Kleindöttingen
5313;Klingnau
5312;Döttingen
5306;Tegerfelden
5305;Unterendingen
5304;Endingen
5303;Würenlingen
5301;Siggenthal Station
5300;Turgi
5277;Hottwil
5276;Wil AG
5275;Etzgen
5274;Mettau
5273;Oberhofen AG
5272;Gansingen
5246;Scherz
5245;Habsburg
5244;Birrhard
5243;Mülligen
5242;Birr
5242;Lupfig
5237;Mönthal
5236;Remigen
5235;Rüfenach AG
5234;Villigen
5233;Stilli
5225;Bözberg
5223;Riniken
5222;Umiken
5213;Villnachern
5212;Hausen AG
5210;Windisch
5200;Brugg AG
5116;Schinznach Bad
5113;Holderbank AG
5112;Thalheim AG
5108;Oberflachs
5107;Schinznach Dorf
5106;Veltheim AG
5105;Auenstein
5103;Möriken AG
5103;Wildegg
5102;Rupperswil
5085;Sulz AG
5084;Rheinsulz
5083;Ittenthal
5082;Kaisten
5080;Laufenburg
5079;Zeihen
5078;Effingen
5077;Elfingen
5076;Bözen
5075;Hornussen
5074;Eiken
5073;Gipf-Oberfrick
5072;Oeschgen
5070;Frick
5064;Wittnau
5063;Wölflinswil
5062;Oberhof
5058;Wiliberg
5057;Reitnau
5056;Attelwil
5054;Kirchleerau
5054;Moosleerau
5053;Staffelbach
5053;Wittwil
5046;Schmiedrued
5046;Walde AG
5044;Schlossrued
5043;Holziken
5042;Hirschthal
5040;Schöftland
5037;Muhen
5036;Oberentfelden
5035;Unterentfelden
5034;Suhr
5033;Buchs AG
5032;Aarau Rohr
5028;Ueken
5027;Herznach
5026;Densbüren
5025;Asp
5024;Küttigen
5023;Biberstein
5022;Rombach
5018;Erlinsbach
5017;Barmelweid
5015;Erlinsbach SO
5014;Gretzenbach
5013;Niedergösgen
5012;Eppenberg
5012;Schönenwerd
5012;Wöschnau
5004;Aarau
5000;Aarau
4955;Gondiswil
4954;Wyssachen
4953;Schwarzenbach (Huttwil)
4952;Eriswil
4950;Huttwil
4944;Auswil
4943;Oeschenbach
4942;Walterswil BE
4938;Rohrbach
4938;Rohrbachgraben
4937;Ursenbach
4936;Kleindietwil
4935;Leimiswil
4934;Madiswil
4933;Rütschelen
4932;Gutenburg
4932;Lotzwil
4924;Obersteckholz
4923;Wynau
4922;Bützberg
4922;Thunstetten
4919;Reisiswil
4917;Busswil b. Melchnau
4917;Melchnau
4916;Untersteckholz
4915;St. Urban
4914;Roggwil BE
4913;Bannwil
4912;Aarwangen
4911;Schwarzhäusern
4900;Langenthal
4856;Glashütten
4853;Murgenthal
4853;Riken AG
4852;Rothrist
4814;Bottenwil
4813;Uerkheim
4812;Mühlethal
4806;Wikon
4805;Brittnau
4803;Vordemwald
4802;Strengelbach
4800;Zofingen
4719;Ramiswil
4718;Holderbank SO
4717;Mümliswil
4716;Gänsbrunnen
4716;Welschenrohr
4715;Herbetswil
4714;Aedermannsdorf
4713;Matzendorf
4712;Laupersdorf
4710;Balsthal
4704;Niederbipp
4704;Wolfisberg
4703;Kestenholz
4702;Oensingen
4665;Oftringen
4663;Aarburg
4658;Däniken SO
4657;Dulliken
4656;Starrkirch-Wil
4655;Rohr b. Olten
4655;Stüsslingen
4654;Lostorf
4653;Obergösgen
4652;Winznau
4634;Wisen SO
4633;Hauenstein
4632;Trimbach
4629;Fulenbach
4628;Wolfwil
4626;Niederbuchsiten
4625;Oberbuchsiten
4624;Härkingen
4623;Neuendorf
4622;Egerkingen
4618;Boningen
4617;Gunzgen
4616;Kappel SO
4615;Allerheiligenberg
4614;Hägendorf
4613;Rickenbach SO
4612;Wangen b. Olten
4600;Olten
4588;Brittern
4588;Oberramsern
4588;Unterramsern
4587;Aetingen
4586;Kyburg-Buchegg
4585;Biezwil
4584;Gächliwil
4584;Lüterswil
4583;Aetigkofen
4583;Mühledorf SO
4582;Brügglen
4581;Küttigkofen
4579;Gossliwil
4578;Bibern SO
4577;Hessigkofen
4576;Tscheppach
4574;Lüsslingen
4574;Nennigkofen
4573;Lohn-Ammannsegg
4571;Ichertswil
4571;Lüterkofen
4566;Halten
4566;Kriegstetten
4566;Oekingen
4565;Recherswil
4564;Obergerlafingen
4564;Zielebach
4563;Gerlafingen
4562;Biberist
4558;Heinrichswil
4558;Hersiwil
4558;Winistorf
4557;Horriwil
4556;Aeschi SO
4556;Bolken
4556;Burgäschi
4556;Steinhof SO
4554;Etziken
4554;Hüniken
4553;Subingen
4552;Derendingen
4543;Deitingen
4542;Luterbach
4539;Farnern
4539;Rumisberg
4538;Oberbipp
4537;Wiedlisbach
4536;Attiswil
4535;Hubersdorf
4535;Kammersrohr
4534;Flumenthal
4533;Riedholz
4532;Feldbrunnen
4528;Zuchwil
4525;Balm b. Günsberg
4524;Balmberg
4524;Günsberg
4524;Oberbalmberg
4523;Niederwil SO
4522;Rüttenen
4515;Oberdorf SO
4515;Weissenstein b. Solothurn
4514;Lommiswil
4513;Langendorf
4512;Bellach
4500;Solothurn
4497;Rünenberg
4496;Kilchberg BL
4495;Zeglingen
4494;Oltingen
4493;Wenslingen
4492;Tecknau
4469;Anwil
4468;Kienberg
4467;Rothenfluh
4466;Ormalingen
4465;Hemmiken
4464;Maisprach
4463;Buus
4462;Rickenbach BL
4461;Böckten
4460;Gelterkinden
4458;Eptingen
4457;Diegten
4456;Tenniken
4455;Zunzgen
4453;Nusshof
4452;Itingen
4451;Wintersingen
4450;Sissach
4448;Läufelfingen
4447;Känerkinden
4446;Buckten
4445;Häfelfingen
4444;Rümlingen
4443;Wittinsburg
4442;Diepflingen
4441;Thürnen
4438;Langenbruck
4437;Waldenburg
4436;Liedertswil
4436;Oberdorf BL
4435;Niederdorf
4434;Hölstein
4433;Ramlinsburg
4432;Lampenberg
4431;Bennwil
4426;Lauwil
4425;Titterten
4424;Arboldswil
4423;Hersberg
4422;Arisdorf
4421;St. Pantaleon
4419;Lupsingen
4418;Reigoldswil
4417;Ziefen
4416;Bubendorf
4415;Lausen
4414;Füllinsdorf
4413;Büren SO
4412;Nuglar
4411;Seltisberg
4410;Liestal
4402;Frenkendorf
4334;Sisseln AG
4333;Münchwilen AG
4332;Stein AG
4325;Schupfart
4324;Obermumpf
4323;Wallbach
4322;Mumpf
4317;Wegenstetten
4316;Hellikon
4315;Zuzgen
4314;Zeiningen
4313;Möhlin
4312;Magden
4310;Rheinfelden
4305;Olsberg
4304;Giebenach
4303;Kaiseraugst
4302;Augst BL
4254;Liesberg Dorf
4253;Liesberg
4252;Bärschwil
4247;Grindel
4246;Wahlen b. Laufen
4245;Kleinlützel
4244;Röschenz
4243;Dittingen
4242;Laufen
4234;Zullwil
4233;Meltingen
4232;Fehren
4229;Beinwil SO
4228;Erschwil
4227;Büsserach
4226;Breitenbach
4225;Brislach
4224;Nenzlingen
4223;Blauen
4222;Zwingen
4208;Nunningen
4207;Bretzwil
4206;Seewen SO
4204;Himmelried
4203;Grellingen
4202;Duggingen
4153;Reinach BL
4148;Pfeffingen
4147;Aesch BL
4146;Hochwald
4145;Gempen
4144;Arlesheim
4143;Dornach
4142;Münchenstein
4133;Pratteln
4132;Muttenz
4127;Birsfelden
4126;Bettingen
4125;Riehen
4124;Schönenbuch
4123;Allschwil
4118;Rodersdorf
4117;Burg im Leimental
4116;Metzerlen
4115;Mariastein
4114;Hofstetten SO
4112;Bättwil
4112;Flüh
4108;Witterswil
4107;Ettingen
4106;Therwil
4105;Biel-Benken BL
4104;Oberwil BL
4103;Bottmingen
4102;Binningen
4101;Bruderholz
4059;Basel
4058;Basel
4057;Basel
4056;Basel
4055;Basel
4054;Basel
4053;Basel
4052;Basel
4051;Basel
4001;Basel
3999;Oberwald
3998;Gluringen
3998;Reckingen VS
3997;Bellwald
3996;Binn
3995;Ausserbinn
3995;Ernen
3995;Mühlebach (Goms)
3995;Steinhaus
3994;Lax
3994;Martisberg
3993;Grengiols
3992;Bettmeralp
3991;Betten
3989;Biel VS
3989;Blitzingen
3989;Niederwald
3989;Ritzingen
3989;Selkingen
3988;Obergesteln
3988;Ulrichen
3987;Riederalp
3986;Ried-Mörel
3985;Geschinen
3985;Münster VS
3984;Fiesch
3984;Fieschertal
3983;Bister
3983;Filet
3983;Goppisberg
3983;Greich
3983;Mörel
3982;Bitsch
3979;Grône
3978;Flanthey
3977;Granges VS
3976;Champzabé
3976;Noës
3975;Randogne
3974;Mollens VS
3973;Venthône
3972;Miège
3971;Chermignon
3971;Chermignon-d'en-Bas
3971;Ollon VS
3970;Salgesch
3968;Veyras
3967;Vercorin
3966;Chalais
3966;Réchy
3965;Chippis
3963;Aminona
3963;Crans-Montana
3963;Montana
3961;Ayer
3961;Chandolin
3961;Grimentz
3961;Mission
3961;St-Jean VS
3961;St-Luc
3961;Vissoie
3961;Zinal
3960;Corin-de-la-Crête
3960;Loc
3960;Muraz (Sierre)
3960;Niouc
3960;Sierre
3957;Bratsch
3957;Erschmatt
3956;Guttet-Feschel
3955;Albinen
3954;Leukerbad
3953;Inden
3953;Leuk Stadt
3953;Varen
3952;Susten
3951;Agarn
3949;Hohtenn
3948;Oberems
3948;Unterems
3947;Ergisch
3946;Gruben
3946;Turtmann
3945;Gampel
3945;Niedergampel
3944;Unterbäch VS
3943;Eischoll
3942;Niedergesteln
3942;Raron
3942;St. German
3940;Steg VS
3939;Eggerberg
3938;Ausserberg
3937;Baltschieder
3935;Bürchen
3934;Zeneggen
3933;Staldenried
3932;Visperterminen
3931;Lalden
3930;Eyholz
3930;Visp
3929;Täsch
3928;Randa
3927;Herbriggen
3926;Embd
3925;Grächen
3924;St. Niklaus VS
3923;Törbel
3922;Eisten
3922;Kalpetran
3922;Stalden VS
3920;Zermatt
3919;Blatten (Lötschen)
3918;Wiler (Lötschen)
3917;Goppenstein
3917;Kippel
3916;Ferden
3914;Belalp
3914;Blatten b. Naters
3913;Rosswald
3912;Termen
3911;Ried-Brig
3910;Saas-Grund
3908;Saas-Balen
3907;Gabi (Simplon)
3907;Gondo
3907;Simplon Dorf
3906;Saas-Fee
3905;Saas-Almagell
3904;Naters
3903;Birgisch
3903;Mund
3902;Glis
3901;Rothwald
3900;Brig
3900;Brigerbad
3900;Gamsen
3864;Guttannen
3863;Gadmen
3862;Innertkirchen
3860;Brünig
3860;Meiringen
3860;Rosenlaui
3860;Schattenhalb
3858;Hofstetten b. Brienz
3857;Unterbach BE
3856;Brienzwiler
3855;Axalp
3855;Brienz BE
3855;Schwanden b. Brienz
3854;Oberried am Brienzersee
3853;Niederried b. Interlaken
3852;Ringgenberg BE
3826;Gimmelwald
3825;Mürren
3824;Stechelberg
3823;Eigergletscher
3823;Kleine Scheidegg
3823;Wengen
3822;Isenfluh
3822;Lauterbrunnen
3818;Grindelwald
3816;Burglauenen
3816;Lütschental
3815;Gündlischwand
3815;Zweilütschinen
3814;Gsteigwiler
3813;Saxeten
3812;Wilderswil
3807;Iseltwald
3806;Bönigen b. Interlaken
3805;Goldswil b. Interlaken
3804;Habkern
3803;Beatenberg
3801;Jungfraujoch
3800;Interlaken
3800;Matten b. Interlaken
3800;Sundlauenen
3800;Unterseen
3792;Saanen
3785;Gsteig b. Gstaad
3784;Feutersoey
3783;Grund b. Gstaad
3782;Lauenen b. Gstaad
3781;Turbach
3780;Gstaad
3778;Schönried
3777;Saanenmöser
3776;Oeschseite
3775;Lenk im Simmental
3773;Matten (St. Stephan)
3772;St. Stephan
3771;Blankenburg
3770;Zweisimmen
3766;Boltigen
3765;Oberwil im Simmental
3764;Weissenburg
3763;Därstetten
3762;Erlenbach im Simmental
3758;Latterbach
3757;Schwenden im Diemtigtal
3756;Zwischenflüh
3755;Horboden
3754;Diemtigen
3753;Oey
3752;Wimmis
3725;Achseten
3724;Ried (Frutigen)
3723;Kiental
3722;Scharnachtal
3718;Kandersteg
3717;Blausee-Mitholz
3716;Kandergrund
3715;Adelboden
3714;Frutigen
3714;Wengi b. Frutigen
3713;Reichenbach im Kandertal
3711;Emdthal
3711;Mülenen
3707;Därligen
3706;Leissigen
3705;Faulensee
3704;Krattigen
3703;Aeschi b. Spiez
3703;Aeschiried
3702;Hondrich
3700;Spiez
3674;Bleiken b. Oberdiessbach
3673;Linden
3672;Aeschlen b. Oberdiessbach
3672;Oberdiessbach
3671;Brenzikofen
3671;Herbligen
3665;Wattenwil
3664;Burgistein
3663;Gurzelen
3662;Seftigen
3661;Uetendorf
3658;Merligen
3657;Schwanden (Sigriswil)
3656;Aeschlen ob Gunten
3656;Ringoldswil
3656;Tschingel ob Gunten
3655;Sigriswil
3654;Gunten
3653;Oberhofen am Thunersee
3652;Hilterfingen
3647;Reutigen
3646;Einigen
3645;Gwatt (Thun)
3645;Zwieselberg
3638;Blumenstein
3638;Pohlern
3636;Forst b. Längenbühl
3636;Längenbühl
3635;Uebeschi
3634;Thierachern
3633;Amsoldingen
3632;Niederstocken
3632;Oberstocken
3631;Höfen b. Thun
3629;Jaberg
3629;Kiesen
3629;Oppligen
3628;Uttigen
3627;Heimberg
3626;Hünibach
3625;Heiligenschwendi
3624;Goldiwil (Thun)
3624;Schwendibach
3623;Buchen BE
3623;Horrenbach
3623;Teuffenthal b. Thun
3622;Homberg b. Thun
3619;Eriz
3619;Innereriz
3618;Süderen
3617;Fahrni b. Thun
3616;Schwarzenegg
3615;Heimenschwand
3614;Unterlangenegg
3613;Steffisburg
3612;Steffisburg
3608;Thun
3604;Thun
3603;Thun
3600;Thun
3557;Fankhaus (Trub)
3556;Trub
3555;Trubschachen
3553;Gohl
3552;Bärau
3551;Oberfrittenbach
3550;Langnau im Emmental
3543;Emmenmatt
3538;Röthenbach im Emmental
3537;Eggiwil
3536;Aeschau
3535;Schüpbach
3534;Signau
3533;Bowil
3532;Mirchel
3532;Zäziwil
3531;Oberthal
3513;Bigenthal
3512;Walkringen
3510;Freimettigen
3510;Häutligen
3510;Konolfingen
3508;Arni BE
3507;Biglen
3506;Grosshöchstetten
3504;Niederhünigen
3504;Oberhünigen
3503;Gysenstein
3476;Oschwand
3475;Hermiswil
3475;Riedtwil
3474;Rüedisbach
3473;Alchenstorf
3472;Rumendingen
3472;Wynigen
3465;Dürrenroth
3464;Schmidigen-Mühleweg
3463;Häusernmoos im Emmental
3462;Weier im Emmental
3457;Wasen im Emmental
3456;Trachselwald
3455;Grünen
3454;Sumiswald
3453;Heimisbach
3452;Grünenmatt
3439;Ranflüh
3438;Lauperswil
3437;Rüderswil
3436;Zollbrück
3435;Ramsei
3434;Landiswil
3434;Obergoldbach
3433;Schwanden im Emmental
3432;Lützelflüh-Goldbach
3429;Hellsau
3429;Höchstetten
3428;Wiler b. Utzenstorf
3427;Utzenstorf
3426;Aefligen
3425;Koppigen
3425;Willadingen
3424;Niederösch
3424;Oberösch
3423;Ersigen
3422;Alchenflüh
3422;Kirchberg BE
3422;Rüdtligen
3421;Lyssach
3421;Rüti b. Lyssach
3419;Biembach im Emmental
3418;Rüegsbach
3417;Rüegsau
3416;Affoltern im Emmental
3415;Hasle b. Burgdorf
3415;Rüegsauschachen
3415;Schafhausen im Emmental
3414;Oberburg
3413;Kaltacker
3412;Heimiswil
3400;Burgdorf
3380;Walliswil b. Niederbipp
3380;Wangen an der Aare
3377;Walliswil b. Wangen
3376;Berken
3376;Graben
3375;Inkwil
3374;Wangenried
3373;Heimenhausen
3373;Röthenbach Herzogenbuchsee
3372;Wanzwil
3368;Bleienbach
3367;Ochlenberg
3367;Thörigen
3366;Bettenhausen
3366;Bollodingen
3365;Grasswil
3365;Seeberg
3363;Oberönz
3362;Niederönz
3360;Herzogenbuchsee
3326;Krauchthal
3325;Hettiswil b. Hindelbank
3324;Hindelbank
3324;Mötschwil
3323;Bäriswil BE
3322;Mattstetten
3322;Urtenen-Schönbühl
3317;Limpach
3317;Mülchi
3315;Bätterkinden
3315;Kräiligen
3314;Schalunen
3313;Büren zum Hof
3312;Fraubrunnen
3309;Kernenried
3309;Zauggenried
3308;Grafenried
3307;Brunnenthal
3306;Etzelkofen
3305;Iffwil
3305;Scheunen
3303;Ballmoos
3303;Jegenstorf
3303;Münchringen
3303;Zuzwil BE
3302;Moosseedorf
3298;Oberwil b. Büren
3297;Leuzigen
3296;Arch
3295;Rüti b. Büren
3294;Büren an der Aare
3294;Meienried
3293;Dotzigen
3292;Busswil BE
3286;Muntelier
3285;Galmiz
3284;Fräschels
3283;Kallnach
3283;Niederried b. Kallnach
3282;Bargen BE
3280;Greng
3280;Meyriez
3280;Murten
3274;Bühl b. Aarberg
3274;Hermrigen
3274;Merzligen
3273;Kappelen
3272;Epsach
3272;Walperswil
3271;Radelfingen b. Aarberg
3270;Aarberg
3268;Lobsigen
3267;Seedorf BE
3266;Wiler b. Seedorf
3264;Diessbach b. Büren
3263;Büetigen
3262;Suberg
3257;Ammerzwil BE
3257;Grossaffoltern
3256;Bangerten b. Dieterswil
3256;Dieterswil
3256;Seewil
3255;Rapperswil BE
3254;Balm b. Messen
3254;Messen
3253;Schnottwil
3252;Worben
3251;Ruppoldsried
3251;Wengi b. Büren
3250;Lyss
3238;Gals
3237;Brüttelen
3236;Gampelen
3235;Erlach
3234;Vinelz
3233;Tschugg
3232;Ins
3226;Treiten
3225;Müntschemier
3216;Agriswil
3216;Ried b. Kerzers
3215;Büchslen
3215;Gempenach
3215;Lurtigen
3214;Ulmiz
3213;Kleinbösingen
3213;Liebistorf
3212;Gurmels
3212;Kleingurmels
3210;Kerzers
3208;Gurbrü
3207;Golaten
3207;Wileroltigen
3206;Biberen
3206;Ferenbalm
3206;Gammen
3206;Rizenbach
3206;Wallenbuch
3205;Gümmenen
3204;Rosshäusern
3203;Mühleberg
3202;Frauenkappelen
3186;Düdingen
3185;Schmitten FR
3184;Wünnewil
3183;Albligen
3182;Ueberstorf
3179;Kriechenwil
3178;Bösingen
3177;Laupen BE
3176;Neuenegg
3175;Flamatt
3174;Thörishaus
3173;Oberwangen b. Bern
3172;Niederwangen b. Bern
3159;Riedstätt
3158;Guggisberg
3157;Milken
3156;Riffenmatt
3155;Helgisried-Rohrbach
3154;Rüschegg Heubach
3153;Rüschegg Gambach
3152;Mamishaus
3150;Schwarzenburg
3148;Lanzenhäusern
3147;Mittelhäusern
3145;Niederscherli
3144;Gasel
3132;Riggisberg
3128;Kirchenthurnen
3128;Rümligen
3127;Lohnstorf
3127;Mühlethurnen
3126;Gelterfingen
3126;Kaufdorf
3125;Toffen
3124;Belpberg
3123;Belp
3122;Kehrsatz
3116;Kirchdorf BE
3116;Mühledorf BE
3116;Noflen BE
3115;Gerzensee
3114;Wichtrach
3113;Rubigen
3112;Allmendingen b. Bern
3111;Tägertschi
3110;Münsingen
3099;Rüti b. Riggisberg
3098;Köniz
3098;Schliern b. Köniz
3097;Liebefeld
3096;Oberbalm
3095;Spiegel b. Bern
3089;Hinterfultigen
3088;Oberbütschel
3088;Rüeggisberg
3087;Niedermuhlern
3086;Englisberg
3086;Zimmerwald
3084;Wabern
3083;Trimstein
3082;Schlosswil
3078;Richigen
3077;Enggistein
3076;Worb
3075;Rüfenacht BE
3075;Vielbringen b. Worb
3074;Muri b. Bern
3073;Gümligen
3072;Ostermundigen
3068;Utzigen
3067;Boll
3066;Stettlen
3065;Bolligen
3063;Ittigen
3054;Schüpfen
3053;Deisswil b. Münchenbuchsee
3053;Diemerswil
3053;Lätti
3053;Münchenbuchsee
3053;Wiggiswil
3052;Zollikofen
3049;Säriswil
3048;Worblaufen
3047;Bremgarten b. Bern
3046;Wahlendorf
3045;Meikirch
3044;Innerberg
3043;Uettligen
3042;Ortschwaben
3038;Kirchlindach
3037;Herrenschwanden
3036;Detligen
3035;Frieswil
3034;Murzelen
3033;Wohlen b. Bern
3032;Hinterkappelen
3027;Bern
3020;Bern
3019;Bern
3018;Bern
3015;Bern
3014;Bern
3013;Bern
3012;Bern
3011;Bern
3010;Bern
3008;Bern
3007;Bern
3006;Bern
3005;Bern
3004;Bern
2954;Asuel
2953;Fregiécourt
2953;Pleujouse
2952;Cornol
2950;Courgenay
2950;Courtemautruy
2947;Charmoille
2946;Miécourt
2944;Bonfol
2943;Vendlincourt
2942;Alle
2935;Beurnevésin
2933;Damphreux
2933;Lugnez
2932;Coeuve
2926;Boncourt
2925;Buix
2924;Montignez
2923;Courtemaîche
2922;Courchavon
2916;Fahy
2915;Bure
2914;Damvant
2912;Roche-d'Or
2912;Réclère
2908;Grandfontaine
2907;Rocourt
2906;Chevenez
2905;Courtedoux
2904;Bressaucourt
2903;Villars-sur-Fontenais
2902;Fontenais
2900;Porrentruy
2889;Ocourt
2888;Seleute
2887;Soubey
2886;Epiquerez
2885;Epauvillers
2884;Montenol
2883;Montmelon
2882;St-Ursanne
2873;Saulcy
2864;Soulce
2863;Undervelier
2857;Montavon
2856;Boécourt
2855;Glovelier
2854;Bassecourt
2853;Courfaivre
2852;Courtételle
2843;Châtillon JU
2842;Rossemaison
2832;Rebeuvelier
2830;Courrendlin
2830;Vellerat
2829;Vermes
2828;Montsevelier
2827;Mervelier
2827;Schelten
2826;Corban
2825;Courchapoix
2824;Vicques
2823;Courcelon
2822;Courroux
2814;Roggenburg
2813;Ederswiler
2812;Movelier
2807;Lucelle
2807;Pleigne
2806;Mettembert
2805;Soyhières
2803;Bourrignon
2802;Develier
2800;Delémont
2762;Roches BE
2748;Les Ecorcheresses
2748;Souboz
2747;Corcelles BE
2747;Seehof
2746;Crémines
2745;Grandval
2744;Belprahon
2743;Eschert
2742;Perrefitte
2740;Moutier
2738;Court
2736;Sorvilier
2735;Bévilard
2735;Champoz
2735;Malleray
2733;Pontenet
2732;Loveresse
2732;Reconvilier
2732;Saicourt
2732;Saules BE
2723;Mont-Tramelan
2722;Les Reussilles
2720;La Tanne
2720;Tramelan
2718;Fornet-Dessus
2718;Lajoux JU
2717;Fornet-Dessous
2717;Rebévelier
2716;Sornetan
2715;Châtelat
2715;Monible
2714;Le Prédame
2714;Les Genevez JU
2713;Bellelay
2712;Le Fuet
2710;Tavannes
2616;La Cibourg
2616;Renan BE
2615;Montagne-de-Sonvilier
2615;Sonvilier
2613;Villeret
2612;Cormoret
2610;Les Pontins
2610;Mont-Crosin
2610;Mont-Soleil
2610;St-Imier
2608;Courtelary
2608;Montagne-de-Courtelary
2607;Cortébert
2606;Corgémont
2605;Sonceboz-Sombeval
2604;La Heutte
2603;Péry
2577;Finsterhennen
2577;Siselen BE
2576;Lüscherz
2575;Gerolfingen
2575;Hagneck
2575;Täuffelen
2572;Mörigen
2572;Sutz
2565;Jens
2564;Bellmund
2563;Ipsach
2562;Port
2560;Nidau
2558;Aegerten
2557;Studen BE
2556;Scheuren
2556;Schwadernau
2555;Brügg BE
2554;Meinisberg
2553;Safnern
2552;Orpund
2545;Selzach
2544;Bettlach
2543;Lengnau BE
2542;Pieterlen
2540;Grenchen
2538;Romont BE
2537;Vauffelin
2536;Plagne
2535;Frinvillier
2534;Les Prés-d'Orvin
2534;Orvin
2533;Evilard
2532;Macolin
2525;Le Landeron
2523;Lignières
2520;La Neuveville
2518;Nods
2517;Diesse
2516;Lamboing
2515;Prêles
2514;Ligerz
2513;Twann
2512;Tüscherz-Alfermée
2505;Biel/Bienne
2504;Biel/Bienne
2503;Biel/Bienne
2502;Biel/Bienne
2416;Les Brenets
2414;Le Cerneux-Péquignot
2406;La Brévine
2406;La Châtagne
2406;Le Brouillet
2406;Les Taillères
2405;La Chaux-du-Milieu
2400;Le Locle
2400;Le Prévoux
2364;St-Brais
2363;Les Enfers
2362;Montfaucon
2362;Montfavergier
2360;Le Bémont JU
2354;Goumois
2353;Les Pommerats
2350;Saignelégier
2345;La Chaux-des-Breuleux
2345;Le Cerneux-Veusil
2345;Les Breuleux
2340;Le Noirmont
2338;Les Emibois
2338;Muriaux
2336;Les Bois
2333;La Cibourg
2333;La Ferrière
2325;Les Planchettes
2322;Le Crêt-du-Locle
2318;Brot-Plamboz
2316;Les Ponts-de-Martel
2316;Petit-Martel
2314;La Sagne NE
2300;La Chaux-de-Fonds
2300;La Cibourg
2208;Les Hauts-Geneveys
2207;Coffrane
2206;Les Geneveys-sur-Coffrane
2149;Brot-Dessous
2149;Champ-du-Moulin
2149;Fretereules
2127;Les Bayards
2126;Les Verrières
2124;Les Sagnettes
2123;St-Sulpice NE
2117;La Côte-aux-Fées
2116;Mont-de-Buttes
2115;Buttes
2114;Fleurier
2113;Boveresse
2112;Môtiers NE
2108;Couvet
2105;Travers
2103;Noiraigue
2088;Cressier NE
2087;Cornaux NE
2075;Thielle
2075;Wavre
2074;Marin-Epagnier
2073;Enges
2072;St-Blaise
2068;Hauterive NE
2067;Chaumont
2065;Savagnier
2063;Engollon
2063;Fenin
2063;Saules
2063;Vilars NE
2058;Le Pâquier NE
2057;Villiers
2056;Dombresson
2054;Chézard-St-Martin
2054;Les Vieux-Prés
2053;Cernier
2052;Fontainemelon
2052;La Vue-des-Alpes
2046;Fontaines NE
2043;Boudevilliers
2042;Valangin
2037;Montezillon
2037;Montmollin
2036;Cormondrèche
2035;Corcelles NE
2034;Peseux
2028;Vaumarcus
2027;Fresens
2027;Montalchez
2025;Chez-le-Bart
2024;St-Aubin-Sauges
2023;Gorgier
2022;Bevaix
2019;Chambrelien
2019;Rochefort
2017;Boudry
2016;Cortaillod
2015;Areuse
2014;Bôle
2013;Colombier NE
2012;Auvernier
2000;Neuchâtel
1997;Haute-Nendaz
1997;Siviez (Nendaz)
1997;Sornard (Nendaz)
1996;Baar (Nendaz)
1996;Basse-Nendaz
1996;Beuson (Nendaz)
1996;Bieudron (Nendaz)
1996;Brignon (Nendaz)
1996;Condémines (Nendaz)
1996;Fey (Nendaz)
1996;Saclentse
1994;Aproz (Nendaz)
1993;Clèbes (Nendaz)
1993;Veysonnaz
1992;Crête-à-l'Oeil (Les Agettes)
1992;La Vernaz (Les Agettes)
1992;Les Agettes
1992;Les Mayens-de-Sion
1991;Arvillard (Salins)
1991;Misériez (Salins)
1991;Pravidondaz (Salins)
1991;Salins
1991;Turin (Salins)
1988;Les Collons
1988;Thyon
1987;Hérémence
1986;Arolla
1985;La Forclaz VS
1985;La Sage
1985;Villa (Evolène)
1984;La Tour VS
1984;Les Haudères
1983;Evolène
1983;Lanna
1982;Euseigne
1981;Vex
1978;Lens
1977;Icogne
1976;Aven
1976;Daillon
1976;Erde
1975;St-Séverin
1974;Arbaz
1973;Nax
1972;Anzère
1971;Champlan (Grimisuat)
1971;Grimisuat
1969;Eison (St-Martin)
1969;Liez (St-Martin)
1969;St-Martin VS
1969;Suen (St-Martin)
1969;Trogne (St-Martin)
1968;Mase
1967;Bramois
1966;Argnou (Ayent)
1966;Blignou (Ayent)
1966;Botyre (Ayent)
1966;Fortunau (Ayent)
1966;La Place (Ayent)
1966;Luc (Ayent)
1966;Saxonne (Ayent)
1966;Signèse (Ayent)
1966;St-Romain (Ayent)
1966;Villa (Ayent)
1965;Chandolin (Savièse)
1965;Diolly (Savièse)
1965;Drône (Savièse)
1965;Granois (Savièse)
1965;La Muraz (Savièse)
1965;Mayens-de-la-Zour (Savièse)
1965;Monteiller (Savièse)
1965;Ormône (Savièse)
1965;Roumaz (Savièse)
1965;St-Germain (Savièse)
1964;Conthey
1963;Vétroz
1962;Pont-de-la-Morge (Sion)
1961;Vernamiège
1958;St-Léonard
1958;Uvrier
1957;Ardon
1955;Chamoson
1955;Grugnay (Chamoson)
1955;Les Vérines (Chamoson)
1955;Némiaz (Chamoson)
1955;St-Pierre-de-Clages
1950;Sion
1948;Fionnay
1948;Lourtier
1948;Sarreyer
1947;Champsec
1947;Versegères
1946;Bourg-St-Pierre
1945;Chandonne (Liddes)
1945;Chez Petit (Liddes)
1945;Dranse (Liddes)
1945;Fontaine Dessous (Liddes)
1945;Fontaine Dessus (Liddes)
1945;Fornex (Liddes)
1945;Les Moulins VS (Liddes)
1945;Liddes
1945;Palasuit (Liddes)
1945;Petit Vichères (Liddes)
1945;Rive Haute (Liddes)
1945;Vichères (Liddes)
1944;La Fouly VS
1943;Praz-de-Fort
1942;Levron
1941;Cries (Vollèges)
1941;Vollèges
1938;Champex-Lac
1937;Orsières
1936;Verbier
1934;Bruson
1934;Le Châble VS
1933;Chamoille (Sembrancher)
1933;La Garde (Sembrancher)
1933;Sembrancher
1933;Vens (Sembrancher)
1932;Bovernier
1932;Les Valettes (Bovernier)
1929;Trient
1928;Ravoire
1927;Chemin
1926;Fully
1925;Finhaut
1925;Le Châtelard VS
1923;Le Trétien
1923;Les Marécottes
1922;Les Granges (Salvan)
1922;Salvan
1921;Martigny-Croix
1920;Martigny
1918;La Tzoumaz
1914;Auddes-sur-Riddes
1914;Isérables
1913;Saillon
1912;Dugny (Leytron)
1912;Leytron
1912;Montagnon (Leytron)
1912;Produit (Leytron)
1911;Mayens-de-Chamoson
1911;Ovronnaz
1908;Riddes
1907;Saxon
1906;Charrat
1905;Dorénaz
1904;Vernayaz
1903;Collonges
1902;Evionnaz
1899;Torgon
1898;St-Gingolph
1897;Bouveret
1897;Les Evouettes
1896;Miex
1896;Vouvry
1895;Vionnaz
1893;Muraz (Collombey)
1892;Lavey-Village
1892;Lavey-les-Bains
1892;Morcles
1891;Vérossaz
1890;Mex VS
1890;St-Maurice
1885;Chesières
1884;Arveyes
1884;Huémoz
1884;Villars-sur-Ollon
1882;Gryon
1880;Bex
1880;Fenalet-sur-Bex
1880;Frenières-sur-Bex
1880;Les Plans-sur-Bex
1880;Les Posses-sur-Bex
1875;Morgins
1874;Champéry
1873;Champoussin
1873;Les Crosets
1873;Val-d'Illiez
1872;Troistorrents
1871;Choëx
1871;Les Giettes
1870;Monthey
1869;Massongex
1868;Collombey
1867;Ollon VD
1867;Panex
1867;St-Triphon
1866;La Forclaz VD
1865;Les Diablerets
1864;Vers-l'Eglise
1863;Le Sépey
1862;La Comballaz
1862;Les Mosses
1860;Aigle
1856;Corbeyrier
1854;Leysin
1853;Yvorne
1852;Roche VD
1847;Rennaz
1846;Chessel
1845;Noville
1844;Villeneuve VD
1833;Les Avants
1832;Chamby
1832;Villard-sur-Chamby
1824;Caux
1823;Glion
1822;Chernex
1820;Montreux
1820;Territet
1820;Veytaux
1817;Brent
1816;Chailly-Montreux
1815;Clarens
1814;La Tour-de-Peilz
1809;Fenil-sur-Corsier
1808;Les Monts-de-Corsier
1807;Blonay
1806;St-Légier-La Chiésaz
1805;Jongny
1804;Corsier-sur-Vevey
1803;Chardonne
1802;Corseaux
1801;Le Mont-Pèlerin
1800;Vevey
1797;Münchenwiler
1796;Courgevaux
1795;Courlevon
1794;Salvenach
1793;Jeuss
1792;Cordast
1792;Guschelmuth
1791;Courtaman
1789;Lugnorre
1788;Praz (Vully)
1787;Mur (Vully) FR
1787;Mur (Vully) VD
1787;Môtier (Vully)
1786;Sugiez
1785;Cressier FR
1784;Courtepin
1784;Wallenried
1783;Barberêche
1783;Pensier
1782;Autafond
1782;Belfaux
1782;Cormagens
1782;Formangueires
1782;La Corbaz
1782;Lossy
1776;Montagny-la-Ville
1775;Grandsivaz
1775;Mannens
1774;Cousset
1774;Montagny-les-Monts
1773;Chandon
1773;Léchelles
1773;Russy
1772;Grolley
1772;Nierlet-les-Bois
1772;Ponthaux
1763;Granges-Paccot
1762;Givisiez
1757;Noréaz
1756;Lovens
1756;Onnens FR
1754;Avry-sur-Matran
1754;Corjolens
1754;Rosé
1753;Matran
1752;Villars-sur-Glâne
1749;Middes
1748;Torny-le-Grand
1747;Corserey
1746;Prez-vers-Noréaz
1745;Lentigny
1744;Chénens
1742;Autigny
1741;Cottens FR
1740;Neyruz FR
1738;Sangernboden
1737;Plasselb
1736;St. Silvester
1735;Giffers
1734;Tentlingen
1733;Treyvaux
1732;Arconciel
1731;Ependes FR
1730;Ecuvillens
1728;Rossens FR
1727;Corpataux-Magnedens
1727;Magnedens
1726;Farvagny
1726;Farvagny-le-Petit
1726;Grenilles
1726;Posat
1725;Posieux
1724;Bonnefontaine
1724;Essert FR
1724;Ferpicloz
1724;Le Mouret
1724;Montévraz
1724;Oberried FR
1724;Senèdes
1724;Zénauva
1723;Marly
1723;Pierrafortscha
1723;Villarsel-sur-Marly
1722;Bourguillon
1721;Cormérod
1721;Cournillens
1721;Courtion
1721;Misery
1720;Chésopelloz
1720;Corminboeuf
1719;Brünisried
1719;Zumholz
1718;Rechthalten
1717;St. Ursen
1716;Oberschrot
1716;Plaffeien
1716;Schwarzsee
1715;Alterswil FR
1714;Heitenried
1713;St. Antoni
1712;Tafers
1700;Fribourg
1699;Bouloz
1699;Pont (Veveyse)
1699;Porsel
1697;La Joux FR
1697;Les Ecasseys
1696;Vuisternens-en-Ogoz
1695;Estavayer-le-Gibloux
1695;Rueyres-St-Laurent
1695;Villarlod
1695;Villarsel-le-Gibloux
1694;Chavannes-sous-Orsonnens
1694;Orsonnens
1694;Villargiroud
1694;Villarsiviriaux
1692;Massonnens
1691;Villarimboud
1690;Lussy FR
1690;Villaz-St-Pierre
1689;Le Châtelard-près-Romont
1688;Lieffrens
1688;Sommentier
1687;Estévenens
1687;La Magne
1687;Vuisternens-devant-Romont
1686;Grangettes-près-Romont
1686;La Neirigue
1685;Villariaz
1684;Mézières FR
1683;Brenles
1683;Chesalles-sur-Moudon
1683;Sarzens
1682;Cerniaz VD
1682;Dompierre VD
1682;Lovatens
1682;Prévonloup
1682;Villars-Bramard
1681;Billens
1681;Hennens
1680;Berlens
1680;Romont FR
1679;Villaraboud
1678;Siviriez
1677;Prez-vers-Siviriez
1676;Chavannes-les-Forts
1675;Blessens
1675;Mossel
1675;Vauderens
1674;Montet (Glâne)
1674;Morlens
1674;Vuarmarens
1673;Auboranges
1673;Ecublens FR
1673;Gillarens
1673;Promasens
1673;Rue
1670;Bionnens
1670;Esmonts
1670;Ursy
1669;Albeuve
1669;Les Sciernes-d'Albeuve
1669;Lessoc
1669;Montbovon
1669;Neirivue
1667;Enney
1666;Grandvillard
1666;Villars-sous-Mont
1665;Estavannens
1663;Epagny
1663;Gruyères
1663;Moléson-sur-Gruyères
1663;Pringy
1661;Le Pâquier-Montbarry
1660;Château-d'Oex
1660;L'Etivaz
1660;La Lécherette
1660;Les Moulins
1659;Flendruz
1659;Rougemont
1658;La Tine
1658;Rossinière
1657;Abländschen
1656;Im Fang
1656;Jaun
1654;Cerniat FR
1653;Châtel-sur-Montsalvens
1653;Crésuz
1652;Botterens
1652;Villarbeney
1651;Villarvolard
1649;Pont-la-Ville
1648;Hauteville
1647;Corbières
1646;Echarlens
1645;Le Bry
1644;Avry-devant-Pont
1643;Gumefens
1642;Sorens
1638;Morlon
1637;Charmey (Gruyère)
1636;Broc
1635;La Tour-de-Trême
1634;La Roche FR
1633;Marsens
1633;Vuippens
1632;Riaz
1630;Bulle
1628;Vuadens
1627;Vaulruz
1626;Romanens
1626;Rueyres-Treyfayes
1626;Treyfayes
1625;Maules
1625;Sâles (Gruyère)
1624;Grattavache
1624;La Verrerie
1624;Progens
1623;Semsales
1619;Les Paccots
1618;Châtel-St-Denis
1617;Remaufens
1617;Tatroz
1616;Attalens
1615;Bossonnens
1614;Granges (Veveyse)
1613;Maracon
1612;Ecoteaux
1611;Le Crêt-près-Semsales
1610;Châtillens
1610;Oron-la-Ville
1610;Vuibroye
1609;Besencens
1609;Fiaugères
1609;St-Martin FR
1608;Bussigny-sur-Oron
1608;Chapelle (Glâne)
1608;Chesalles-sur-Oron
1608;Oron-le-Châtel
1607;Les Tavernes
1607;Les Thioleyres
1607;Palézieux
1607;Palézieux-Village
1595;Clavaleyres
1595;Faoug
1589;Chabrey
1588;Cudrefin
1587;Constantine
1587;Montmagny
1586;Vallamand
1585;Bellerive VD
1585;Cotterd
1585;Salavaux
1584;Villars-le-Grand
1583;Villarepos
1580;Avenches
1580;Donatyre
1580;Oleyres
1568;Portalban
1567;Delley
1566;Les Friques
1566;St-Aubin FR
1565;Missy
1565;Vallon
1564;Domdidier
1563;Dompierre FR
1562;Corcelles-près-Payerne
1555;Villarzel
1554;Rossens VD
1554;Sédeilles
1553;Châtonnaye
1552;Trey
1551;Vers-chez-Perrin
1545;Chevroux
1544;Gletterens
1543;Grandcour
1542;Rueyres-les-Prés
1541;Bussy FR
1541;Morens FR
1541;Sévaz
1538;Treytorrens (Payerne)
1537;Champtauroz
1536;Combremont-le-Petit
1535;Combremont-le-Grand
1534;Chapelle (Broye)
1534;Sassel
1533;Ménières
1532;Fétigny
1530;Payerne
1529;Cheiry
1528;Praratoud
1528;Surpierre
1527;Villeneuve FR
1526;Cremin
1526;Forel-sur-Lucens
1525;Henniez
1525;Seigneux
1524;Marnand
1523;Granges-près-Marnand
1522;Lucens
1522;Oulens-sur-Lucens
1521;Curtilles
1515;Neyruz-sur-Moudon
1515;Villars-le-Comte
1514;Bussy-sur-Moudon
1513;Hermenches
1513;Rossenges
1512;Chavannes-sur-Moudon
1510;Moudon
1510;Syens
1509;Vucherens
1489;Murist
1486;Vuissens
1485;Nuvilly
1484;Aumont
1484;Granges-de-Vesin
1483;Frasses
1483;Montet (Broye)
1483;Vesin
1482;Cugy FR
1475;Autavaux
1475;Forel FR
1475;Montbrelloz
1474;Châbles FR
1473;Châtillon FR
1473;Font
1470;Bollion
1470;Estavayer-le-Lac
1470;Lully FR
1470;Seiry
1468;Cheyres
1464;Chavannes-le-Chêne
1464;Chêne-Pâquier
1463;Rovray
1462;Yvonand
1454;L'Auberson
1454;La Vraconnaz
1453;Bullet
1453;Mauborget
1452;Les Rasses
1450;La Sagne (Ste-Croix)
1450;Le Château-de-Ste-Croix
1450;Ste-Croix
1446;Baulmes
1445;Vuiteboeuf
1443;Champvent
1443;Essert-sous-Champvent
1443;Villars-sous-Champvent
1442;Montagny-près-Yverdon
1441;Valeyres-sous-Montagny
1439;Rances
1438;Mathod
1437;Suscévaz
1436;Chamblon
1436;Treycovagnes
1435;Essert-Pittet
1434;Ependes VD
1433;Suchy
1432;Belmont-sur-Yverdon
1432;Gressy
1431;Novalles
1431;Vugelles-La Mothe
1430;Orges
1429;Giez
1428;Mutrux
1428;Provence
1427;Bonvillars
1426;Concise
1426;Corcelles-près-Concise
1425;Onnens VD
1424;Champagne
1423;Fontanezier
1423;Romairon
1423;Vaugondry
1423;Villars-Burquin
1422;Grandson
1421;Fontaines-sur-Grandson
1421;Grandevent
1420;Fiez
1418;Vuarrens
1417;Epautheyres
1417;Essertines-sur-Yverdon
1416;Pailly
1415;Démoret
1415;Molondin
1413;Orzens
1412;Ursins
1412;Valeyres-sous-Ursins
1410;Correvon
1410;Denezy
1410;Prévondavaux
1410;St-Cierges
1410;Thierrens
1409;Chanéaz
1408;Prahins
1407;Bioley-Magnoux
1407;Donneloye
1407;Gossens
1407;Mézery-près-Donneloye
1406;Cronay
1405;Pomy
1404;Cuarny
1404;Villars-Epeney
1400;Cheseaux-Noréaz
1400;Yverdon-les-Bains
1377;Oulens-sous-Echallens
1376;Eclagnens
1376;Goumoens-la-Ville
1376;Goumoens-le-Jux
1375;Penthéréaz
1374;Corcelles-sur-Chavornay
1373;Chavornay
1372;Bavois
1358;Valeyres-sous-Rances
1357;Lignerolle
1356;La Russille
1356;Les Clées
1355;L'Abergement
1355;Sergey
1354;Montcherand
1353;Bofflens
1352;Agiez
1350;Orbe
1348;Le Brassus
1347;Le Sentier
1347;Le Solliat
1346;Les Bioux
1345;Le Lieu
1345;Le Séchey
1344;L'Abbaye
1343;Les Charbonnières
1342;Le Pont
1341;Orient
1338;Ballaigues
1337;Vallorbe
1329;Bretonnières
1326;Juriens
1325;Vaulion
1324;Premier
1323;Romainmôtier
1322;Croy
1321;Arnex-sur-Orbe
1318;Pompaples
1317;Orny
1316;Chevilly
1315;La Sarraz
1313;Ferreyres
1312;Eclépens
1308;La Chaux (Cossonay)
1307;Lussery-Villars
1306;Daillens
1305;Penthalaz
1304;Allens
1304;Cossonay-Ville
1304;Dizy
1304;Senarclens
1303;Penthaz
1302;Vufflens-la-Ville
1299;Crans-près-Céligny
1298;Céligny
1297;Founex
1296;Coppet
1295;Mies
1295;Tannay
1294;Genthod
1293;Bellevue
1292;Chambésy
1291;Commugny
1290;Chavannes-des-Bois
1290;Versoix
1288;Aire-la-Ville
1287;Laconnex
1286;Soral
1285;Athenaz (Avusy)
1284;Chancy
1283;Dardagny
1283;La Plaine
1281;Russin
1279;Bogis-Bossey
1279;Chavannes-de-Bogis
1278;La Rippe
1277;Arnex-sur-Nyon
1277;Borex
1276;Gingins
1275;Chéserex
1274;Grens
1274;Signy
1273;Arzier-Le Muids
1272;Genolier
1271;Givrins
1270;Trélex
1269;Bassins
1268;Begnins
1268;Burtigny
1267;Coinsins
1267;Vich
1266;Duillier
1265;La Cure
1264;St-Cergue
1263;Crassier
1262;Eysins
1261;Le Vaud
1261;Longirod
1261;Marchissy
1260;Nyon
1258;Perly
1257;La Croix-de-Rozon
1256;Troinex
1255;Veyrier
1254;Jussy
1253;Vandoeuvres
1252;Meinier
1251;Gy
1248;Hermance
1247;Anières
1246;Corsier GE
1245;Collonge-Bellerive
1244;Choulex
1243;Presinge
1242;Satigny
1241;Puplinge
1239;Collex
1237;Avully
1236;Cartigny
1234;Vessy
1233;Bernex
1232;Confignon
1231;Conches
1228;Plan-les-Ouates
1227;Carouge GE
1227;Les Acacias
1226;Thônex
1225;Chêne-Bourg
1224;Chêne-Bougeries
1223;Cologny
1222;Vésenaz
1220;Les Avanchets
1219;Aïre
1219;Châtelaine
1219;Le Lignon
1218;Le Grand-Saconnex
1217;Meyrin
1216;Cointrin
1215;Genève
1214;Vernier
1213;Onex
1213;Petit-Lancy
1212;Grand-Lancy
1209;Genève
1208;Genève
1207;Genève
1206;Genève
1205;Genève
1204;Genève
1203;Genève
1202;Genève
1201;Genève
1197;Prangins
1196;Gland
1195;Bursinel
1195;Dully
1189;Saubraz
1188;Gimel
1188;St-George
1187;St-Oyens
1186;Essertines-sur-Rolle
1185;Mont-sur-Rolle
1184;Luins
1184;Vinzel
1183;Bursins
1182;Gilly
1180;Rolle
1180;Tartegnin
1176;St-Livres
1175;Lavigny
1174;Montherod
1174;Pizy
1173;Féchy
1172;Bougy-Villars
1170;Aubonne
1169;Yens
1168;Villars-sous-Yens
1167;Lussy-sur-Morges
1166;Perroy
1165;Allaman
1164;Buchillon
1163;Etoy
1162;St-Prex
1149;Berolle
1148;Chavannes-le-Veyron
1148;Cuarnens
1148;L'Isle
1148;La Coudre
1148;La Praz
1148;Mauraz
1148;Moiry VD
1148;Mont-la-Ville
1148;Villars-Bozon
1147;Montricher
1146;Mollens VD
1145;Bière
1144;Ballens
1143;Apples
1142;Pampigny
1141;Sévery
1136;Bussy-Chardonney
1135;Denens
1134;Chigny
1134;Vufflens-le-Château
1132;Lully VD
1131;Tolochenaz
1128;Reverolle
1127;Clarmont
1126;Vaux-sur-Morges
1125;Monnaz
1124;Gollion
1123;Aclens
1122;Romanel-sur-Morges
1121;Bremblens
1117;Grancy
1116;Cottens VD
1115;Vullierens
1114;Colombier VD
1113;St-Saphorin-sur-Morges
1112;Echichens
1110;Morges
1098;Epesses
1097;Riex
1096;Cully
1096;Villette (Lavaux)
1095;Lutry
1094;Paudex
1093;La Conversion
1092;Belmont-sur-Lausanne
1091;Aran
1091;Chenaux
1091;Grandvaux
1090;La Croix (Lutry)
1088;Ropraz
1085;Vulliens
1084;Carrouge VD
1083;Mézières VD
1082;Corcelles-le-Jorat
1081;Montpreveyres
1080;Les Cullayes
1078;Essertes
1077;Servion
1076;Ferlens VD
1073;Mollie-Margot
1073;Savigny
1072;Forel (Lavaux)
1071;Chexbres
1071;Rivaz
1071;St-Saphorin (Lavaux)
1070;Puidoux
1068;Les Monts-de-Pully
1066;Epalinges
1063;Boulens
1063;Chapelle-sur-Moudon
1063;Martherenges
1063;Peyres-Possens
1062;Sottens
1061;Villars-Mendraz
1059;Peney-le-Jorat
1058;Villars-Tiercelin
1055;Froideville
1054;Morrens VD
1053;Bretigny-sur-Morrens
1053;Cugy VD
1052;Le Mont-sur-Lausanne
1047;Oppens
1046;Rueyres
1045;Ogens
1044;Fey
1043;Sugnens
1042;Assens
1042;Bettens
1042;Bioley-Orjulaz
1041;Bottens
1041;Dommartin
1041;Montaubion-Chardonney
1041;Naz
1041;Poliez-Pittet
1041;Poliez-le-Grand
1040;Echallens
1040;St-Barthélemy VD
1040;Villars-le-Terroir
1038;Bercher
1037;Etagnières
1036;Sullens
1035;Bournens
1034;Boussens
1033;Cheseaux-sur-Lausanne
1032;Romanel-sur-Lausanne
1031;Mex VD
1030;Bussigny
1029;Villars-Ste-Croix
1028;Préverenges
1027;Lonay
1026;Denges
1026;Echandens
1025;St-Sulpice VD
1024;Ecublens VD
1023;Crissier
1022;Chavannes-près-Renens
1020;Renens VD
1018;Lausanne
1015;Lausanne
1012;Lausanne
1011;Lausanne
1010;Lausanne
1009;Pully
1008;Jouxtens-Mézery
1008;Prilly
1007;Lausanne
1006;Lausanne
1005;Lausanne
1004;Lausanne
1003;Lausanne
1000;Lausanne 25
1000;Lausanne 26
1000;Lausanne 27
